model_id,condition,metric,n,mean,ci_low,ci_high
ollama/llava:7b,structured,object_precision,111,0.5375375375375375,0.46771771771771775,0.6064564564564564
ollama/llava:7b,structured,object_recall,111,0.08875870486069257,0.07433344627651284,0.10390975451766493
ollama/llava:7b,structured,object_f1,111,0.14639988873347815,0.12464697334909809,0.16879256369011733
ollama/llava:7b,structured,attribute_precision,111,0.06413556413556414,0.0296010296010296,0.10617760617760617
ollama/llava:7b,structured,attribute_recall,111,0.01273905404340187,0.0053649301475388435,0.022043630358847748
ollama/llava:7b,structured,attribute_f1,111,0.01973322937091053,0.008746093142832274,0.03301584930026959
ollama/llava:7b,structured,relationship_precision,111,0.04054054054054054,0.009009009009009009,0.08108108108108109
ollama/llava:7b,structured,relationship_recall,111,0.007346632346632347,0.001287001287001287,0.015336765336765337
ollama/llava:7b,structured,relationship_f1,111,0.011311311311311311,0.0022522522522522522,0.022525025025024986
ollama/llava:7b,structured,spatial_precision,111,0.02252252252252252,0.0,0.05405405405405406
ollama/llava:7b,structured,spatial_recall,111,0.0027885027885027882,0.0,0.006327756327756328
ollama/llava:7b,structured,spatial_f1,111,0.004925254925254926,0.0,0.01126126126126126
ollama/llava:7b,structured,positional_precision,111,0.0,0.0,0.0
ollama/llava:7b,structured,positional_recall,111,0.0,0.0,0.0
ollama/llava:7b,structured,positional_f1,111,0.0,0.0,0.0
ollama/llava:7b,structured,hallucination_rate,111,0.0,0.0,0.0
ollama/llava:7b,structured,evidence_support_rate,111,0.7567567567567568,0.6756756756756757,0.8288288288288288
ollama/qwen3-vl:8b,structured,object_precision,115,0.5879374490244054,0.5385693581780538,0.6386130952380953
ollama/qwen3-vl:8b,structured,object_recall,115,0.18110012487111343,0.16237256428753938,0.2001986652913484
ollama/qwen3-vl:8b,structured,object_f1,115,0.2664928376492289,0.24193970847460247,0.29155494337062227
ollama/qwen3-vl:8b,structured,attribute_precision,115,0.05774693978547933,0.043221916801829054,0.07390255344833017
ollama/qwen3-vl:8b,structured,attribute_recall,115,0.07225055719906101,0.0516907238150758,0.09525429250823605
ollama/qwen3-vl:8b,structured,attribute_f1,115,0.05682819503988007,0.042690780520792906,0.0723220765147664
ollama/qwen3-vl:8b,structured,relationship_precision,115,0.06507246376811593,0.035652173913043476,0.09942028985507245
ollama/qwen3-vl:8b,structured,relationship_recall,115,0.0262791314965228,0.013823127355736053,0.041055986887508625
ollama/qwen3-vl:8b,structured,relationship_f1,115,0.03162415280627106,0.01824715369966062,0.04698023848394019
ollama/qwen3-vl:8b,structured,spatial_precision,115,0.007246376811594202,0.0,0.018840579710144925
ollama/qwen3-vl:8b,structured,spatial_recall,115,0.0018115942028985505,0.0,0.004710144927536231
ollama/qwen3-vl:8b,structured,spatial_f1,115,0.00282326369282891,0.0,0.007227555053642011
ollama/qwen3-vl:8b,structured,positional_precision,115,0.11200828157349896,0.08609894755003453,0.13886136991028297
ollama/qwen3-vl:8b,structured,positional_recall,115,0.007255664141716922,0.004919925337153556,0.01018976175968581
ollama/qwen3-vl:8b,structured,positional_f1,115,0.012854426691300281,0.009192521106689878,0.017091294891493893
ollama/qwen3-vl:8b,structured,hallucination_rate,115,0.0,0.0,0.0
ollama/qwen3-vl:8b,structured,evidence_support_rate,115,0.9478260869565217,0.9043478260869565,0.9826086956521739
