image_id,split,primary_bucket,num_objects,num_relations,num_attributes,selection_reason,scene_graph_id,source,license_ref,manually_reviewed,ambiguity_notes,expected_question_types
2335241,val,A_multi_object,97,1306,9,auto-selected for A_multi_object (score=97.0),2335241,gqa,GQA / Visual Genome terms,False,,at least 5 meaningful objects
1592539,val,A_multi_object,75,354,12,auto-selected for A_multi_object (score=75.0),1592539,gqa,GQA / Visual Genome terms,True,,at least 5 meaningful objects
2355430,val,A_multi_object,71,480,5,auto-selected for A_multi_object (score=71.0),2355430,gqa,GQA / Visual Genome terms,True,,at least 5 meaningful objects
2636,val,A_multi_object,67,320,45,auto-selected for A_multi_object (score=67.0),2636,gqa,GQA / Visual Genome terms,False,,at least 5 meaningful objects
2344488,val,A_multi_object,65,342,14,auto-selected for A_multi_object (score=65.0),2344488,gqa,GQA / Visual Genome terms,True,,at least 5 meaningful objects
2340946,val,A_multi_object,65,623,18,auto-selected for A_multi_object (score=65.0),2340946,gqa,GQA / Visual Genome terms,True,,at least 5 meaningful objects
2360003,val,A_multi_object,64,181,27,auto-selected for A_multi_object (score=64.0),2360003,gqa,GQA / Visual Genome terms,True,,at least 5 meaningful objects
1723,val,A_multi_object,63,436,8,auto-selected for A_multi_object (score=63.0),1723,gqa,GQA / Visual Genome terms,True,,at least 5 meaningful objects
2347091,val,A_multi_object,62,261,30,auto-selected for A_multi_object (score=62.0),2347091,gqa,GQA / Visual Genome terms,True,,at least 5 meaningful objects
2412,val,A_multi_object,62,310,21,auto-selected for A_multi_object (score=62.0),2412,gqa,GQA / Visual Genome terms,True,,at least 5 meaningful objects
2315749,val,A_multi_object,61,13,35,auto-selected for A_multi_object (score=61.0),2315749,gqa,GQA / Visual Genome terms,False,,at least 5 meaningful objects
3903,val,A_multi_object,60,552,30,auto-selected for A_multi_object (score=60.0),3903,gqa,GQA / Visual Genome terms,False,,at least 5 meaningful objects
3455,val,A_multi_object,59,673,18,auto-selected for A_multi_object (score=59.0),3455,gqa,GQA / Visual Genome terms,True,,at least 5 meaningful objects
2375907,val,A_multi_object,57,556,20,auto-selected for A_multi_object (score=57.0),2375907,gqa,GQA / Visual Genome terms,True,,at least 5 meaningful objects
2350499,val,A_multi_object,57,221,4,auto-selected for A_multi_object (score=57.0),2350499,gqa,GQA / Visual Genome terms,True,,at least 5 meaningful objects
2376238,val,A_multi_object,56,389,11,auto-selected for A_multi_object (score=56.0),2376238,gqa,GQA / Visual Genome terms,True,,at least 5 meaningful objects
2334446,val,A_multi_object,56,132,38,auto-selected for A_multi_object (score=56.0),2334446,gqa,GQA / Visual Genome terms,True,,at least 5 meaningful objects
2341497,val,A_multi_object,55,299,17,auto-selected for A_multi_object (score=55.0),2341497,gqa,GQA / Visual Genome terms,True,,at least 5 meaningful objects
2324452,val,A_multi_object,54,198,39,auto-selected for A_multi_object (score=54.0),2324452,gqa,GQA / Visual Genome terms,True,,at least 5 meaningful objects
2368877,val,A_multi_object,54,360,26,auto-selected for A_multi_object (score=54.0),2368877,gqa,GQA / Visual Genome terms,True,,at least 5 meaningful objects
2412204,val,B_attributes,35,287,50,auto-selected for B_attributes (score=50.0),2412204,gqa,GQA / Visual Genome terms,True,,"color, material, size, state"
2402947,val,B_attributes,54,531,49,auto-selected for B_attributes (score=49.0),2402947,gqa,GQA / Visual Genome terms,True,,"color, material, size, state"
2411295,val,B_attributes,32,197,48,auto-selected for B_attributes (score=48.0),2411295,gqa,GQA / Visual Genome terms,True,,"color, material, size, state"
2409249,val,B_attributes,25,62,45,auto-selected for B_attributes (score=45.0),2409249,gqa,GQA / Visual Genome terms,True,,"color, material, size, state"
2387086,val,B_attributes,22,62,44,auto-selected for B_attributes (score=44.0),2387086,gqa,GQA / Visual Genome terms,True,,"color, material, size, state"
2410585,val,B_attributes,51,538,42,auto-selected for B_attributes (score=42.0),2410585,gqa,GQA / Visual Genome terms,True,,"color, material, size, state"
2403230,val,B_attributes,29,253,42,auto-selected for B_attributes (score=42.0),2403230,gqa,GQA / Visual Genome terms,True,,"color, material, size, state"
2376633,val,B_attributes,15,59,42,auto-selected for B_attributes (score=42.0),2376633,gqa,GQA / Visual Genome terms,True,,"color, material, size, state"
2368952,val,B_attributes,42,294,41,auto-selected for B_attributes (score=41.0),2368952,gqa,GQA / Visual Genome terms,True,,"color, material, size, state"
2413257,val,B_attributes,53,155,39,auto-selected for B_attributes (score=39.0),2413257,gqa,GQA / Visual Genome terms,False,,"color, material, size, state"
2386936,val,B_attributes,34,243,39,auto-selected for B_attributes (score=39.0),2386936,gqa,GQA / Visual Genome terms,False,,"color, material, size, state"
2371178,val,B_attributes,31,169,39,auto-selected for B_attributes (score=39.0),2371178,gqa,GQA / Visual Genome terms,False,,"color, material, size, state"
2406428,val,B_attributes,33,159,38,auto-selected for B_attributes (score=38.0),2406428,gqa,GQA / Visual Genome terms,False,,"color, material, size, state"
1593244,val,B_attributes,45,203,38,auto-selected for B_attributes (score=38.0),1593244,gqa,GQA / Visual Genome terms,False,,"color, material, size, state"
2397532,val,B_attributes,45,247,38,auto-selected for B_attributes (score=38.0),2397532,gqa,GQA / Visual Genome terms,False,,"color, material, size, state"
2366508,val,B_attributes,35,154,38,auto-selected for B_attributes (score=38.0),2366508,gqa,GQA / Visual Genome terms,False,,"color, material, size, state"
2386495,val,B_attributes,36,290,37,auto-selected for B_attributes (score=37.0),2386495,gqa,GQA / Visual Genome terms,False,,"color, material, size, state"
2412612,val,B_attributes,28,71,37,auto-selected for B_attributes (score=37.0),2412612,gqa,GQA / Visual Genome terms,False,,"color, material, size, state"
2387165,val,B_attributes,34,97,37,auto-selected for B_attributes (score=37.0),2387165,gqa,GQA / Visual Genome terms,False,,"color, material, size, state"
2609,val,B_attributes,47,402,37,auto-selected for B_attributes (score=37.0),2609,gqa,GQA / Visual Genome terms,False,,"color, material, size, state"
2322880,val,C_spatial,45,600,6,auto-selected for C_spatial (score=600.0),2322880,gqa,GQA / Visual Genome terms,False,,left/right/front/behind/above/below/near
4426,val,C_spatial,44,541,17,auto-selected for C_spatial (score=534.0),4426,gqa,GQA / Visual Genome terms,False,,left/right/front/behind/above/below/near
2319563,val,C_spatial,54,543,14,auto-selected for C_spatial (score=530.0),2319563,gqa,GQA / Visual Genome terms,False,,left/right/front/behind/above/below/near
2412554,val,C_spatial,44,485,23,auto-selected for C_spatial (score=478.0),2412554,gqa,GQA / Visual Genome terms,False,,left/right/front/behind/above/below/near
2377467,val,C_spatial,48,484,8,auto-selected for C_spatial (score=458.0),2377467,gqa,GQA / Visual Genome terms,False,,left/right/front/behind/above/below/near
3381,val,C_spatial,42,451,6,auto-selected for C_spatial (score=446.0),3381,gqa,GQA / Visual Genome terms,False,,left/right/front/behind/above/below/near
2345374,val,C_spatial,43,448,6,auto-selected for C_spatial (score=445.0),2345374,gqa,GQA / Visual Genome terms,False,,left/right/front/behind/above/below/near
2373429,val,C_spatial,42,443,12,auto-selected for C_spatial (score=436.0),2373429,gqa,GQA / Visual Genome terms,False,,left/right/front/behind/above/below/near
2345910,val,C_spatial,38,437,13,auto-selected for C_spatial (score=418.0),2345910,gqa,GQA / Visual Genome terms,False,,left/right/front/behind/above/below/near
2358665,val,C_spatial,40,405,15,auto-selected for C_spatial (score=396.0),2358665,gqa,GQA / Visual Genome terms,False,,left/right/front/behind/above/below/near
2379118,val,C_spatial,40,397,26,auto-selected for C_spatial (score=388.0),2379118,gqa,GQA / Visual Genome terms,False,,left/right/front/behind/above/below/near
2416038,val,C_spatial,45,386,31,auto-selected for C_spatial (score=378.0),2416038,gqa,GQA / Visual Genome terms,False,,left/right/front/behind/above/below/near
2357561,val,C_spatial,47,381,10,auto-selected for C_spatial (score=374.0),2357561,gqa,GQA / Visual Genome terms,False,,left/right/front/behind/above/below/near
2350772,val,C_spatial,41,371,8,auto-selected for C_spatial (score=364.0),2350772,gqa,GQA / Visual Genome terms,False,,left/right/front/behind/above/below/near
2377976,val,C_spatial,51,371,23,auto-selected for C_spatial (score=364.0),2377976,gqa,GQA / Visual Genome terms,False,,left/right/front/behind/above/below/near
2365435,val,C_spatial,44,373,21,auto-selected for C_spatial (score=356.0),2365435,gqa,GQA / Visual Genome terms,False,,left/right/front/behind/above/below/near
2381876,val,C_spatial,53,372,9,auto-selected for C_spatial (score=356.0),2381876,gqa,GQA / Visual Genome terms,False,,left/right/front/behind/above/below/near
2337861,val,C_spatial,29,352,6,auto-selected for C_spatial (score=352.0),2337861,gqa,GQA / Visual Genome terms,False,,left/right/front/behind/above/below/near
2323628,val,C_spatial,33,357,10,auto-selected for C_spatial (score=348.0),2323628,gqa,GQA / Visual Genome terms,False,,left/right/front/behind/above/below/near
2368451,val,C_spatial,49,350,19,auto-selected for C_spatial (score=346.0),2368451,gqa,GQA / Visual Genome terms,False,,left/right/front/behind/above/below/near
2362649,val,D_human_object,31,342,16,auto-selected for D_human_object (score=19.0),2362649,gqa,GQA / Visual Genome terms,False,,"holding, wearing, using, sitting on, carrying"
2378560,val,D_human_object,37,225,7,auto-selected for D_human_object (score=18.0),2378560,gqa,GQA / Visual Genome terms,False,,"holding, wearing, using, sitting on, carrying"
2384060,val,D_human_object,30,283,15,auto-selected for D_human_object (score=18.0),2384060,gqa,GQA / Visual Genome terms,False,,"holding, wearing, using, sitting on, carrying"
2341698,val,D_human_object,25,224,12,auto-selected for D_human_object (score=17.0),2341698,gqa,GQA / Visual Genome terms,False,,"holding, wearing, using, sitting on, carrying"
2394118,val,D_human_object,31,61,25,auto-selected for D_human_object (score=17.0),2394118,gqa,GQA / Visual Genome terms,False,,"holding, wearing, using, sitting on, carrying"
2362410,val,D_human_object,44,215,18,auto-selected for D_human_object (score=17.0),2362410,gqa,GQA / Visual Genome terms,False,,"holding, wearing, using, sitting on, carrying"
2355736,val,D_human_object,34,256,18,auto-selected for D_human_object (score=16.0),2355736,gqa,GQA / Visual Genome terms,False,,"holding, wearing, using, sitting on, carrying"
2406329,val,D_human_object,40,246,17,auto-selected for D_human_object (score=16.0),2406329,gqa,GQA / Visual Genome terms,False,,"holding, wearing, using, sitting on, carrying"
2251,val,D_human_object,30,203,21,auto-selected for D_human_object (score=16.0),2251,gqa,GQA / Visual Genome terms,False,,"holding, wearing, using, sitting on, carrying"
2409000,val,D_human_object,36,218,9,auto-selected for D_human_object (score=16.0),2409000,gqa,GQA / Visual Genome terms,False,,"holding, wearing, using, sitting on, carrying"
2361006,val,D_human_object,33,218,15,auto-selected for D_human_object (score=16.0),2361006,gqa,GQA / Visual Genome terms,False,,"holding, wearing, using, sitting on, carrying"
2394369,val,D_human_object,26,158,17,auto-selected for D_human_object (score=16.0),2394369,gqa,GQA / Visual Genome terms,False,,"holding, wearing, using, sitting on, carrying"
1270,val,D_human_object,25,198,12,auto-selected for D_human_object (score=16.0),1270,gqa,GQA / Visual Genome terms,False,,"holding, wearing, using, sitting on, carrying"
2383415,val,D_human_object,22,108,24,auto-selected for D_human_object (score=15.0),2383415,gqa,GQA / Visual Genome terms,False,,"holding, wearing, using, sitting on, carrying"
2396614,val,D_human_object,25,61,10,auto-selected for D_human_object (score=15.0),2396614,gqa,GQA / Visual Genome terms,False,,"holding, wearing, using, sitting on, carrying"
2400673,val,D_human_object,36,273,18,auto-selected for D_human_object (score=15.0),2400673,gqa,GQA / Visual Genome terms,False,,"holding, wearing, using, sitting on, carrying"
2350222,val,D_human_object,20,51,13,auto-selected for D_human_object (score=15.0),2350222,gqa,GQA / Visual Genome terms,False,,"holding, wearing, using, sitting on, carrying"
2406460,val,D_human_object,31,272,18,auto-selected for D_human_object (score=14.0),2406460,gqa,GQA / Visual Genome terms,False,,"holding, wearing, using, sitting on, carrying"
2408718,val,D_human_object,24,106,17,auto-selected for D_human_object (score=14.0),2408718,gqa,GQA / Visual Genome terms,False,,"holding, wearing, using, sitting on, carrying"
2348891,val,D_human_object,27,204,8,auto-selected for D_human_object (score=14.0),2348891,gqa,GQA / Visual Genome terms,False,,"holding, wearing, using, sitting on, carrying"
2322088,val,E_complex_relational,37,351,21,auto-selected for E_complex_relational (score=351.0),2322088,gqa,GQA / Visual Genome terms,False,,multiple interacting relationships
713911,val,E_complex_relational,41,350,14,auto-selected for E_complex_relational (score=350.0),713911,gqa,GQA / Visual Genome terms,False,,multiple interacting relationships
2368984,val,E_complex_relational,40,347,19,auto-selected for E_complex_relational (score=347.0),2368984,gqa,GQA / Visual Genome terms,False,,multiple interacting relationships
1887,val,E_complex_relational,38,345,14,auto-selected for E_complex_relational (score=345.0),1887,gqa,GQA / Visual Genome terms,False,,multiple interacting relationships
2363609,val,E_complex_relational,40,342,20,auto-selected for E_complex_relational (score=342.0),2363609,gqa,GQA / Visual Genome terms,False,,multiple interacting relationships
2361664,val,E_complex_relational,36,340,11,auto-selected for E_complex_relational (score=340.0),2361664,gqa,GQA / Visual Genome terms,False,,multiple interacting relationships
2412363,val,E_complex_relational,35,336,25,auto-selected for E_complex_relational (score=336.0),2412363,gqa,GQA / Visual Genome terms,False,,multiple interacting relationships
2364073,val,E_complex_relational,44,336,29,auto-selected for E_complex_relational (score=336.0),2364073,gqa,GQA / Visual Genome terms,False,,multiple interacting relationships
2372781,val,E_complex_relational,36,335,18,auto-selected for E_complex_relational (score=335.0),2372781,gqa,GQA / Visual Genome terms,False,,multiple interacting relationships
2320242,val,E_complex_relational,42,332,5,auto-selected for E_complex_relational (score=332.0),2320242,gqa,GQA / Visual Genome terms,False,,multiple interacting relationships
2341576,val,E_complex_relational,45,330,11,auto-selected for E_complex_relational (score=330.0),2341576,gqa,GQA / Visual Genome terms,False,,multiple interacting relationships
2406734,val,E_complex_relational,36,327,12,auto-selected for E_complex_relational (score=327.0),2406734,gqa,GQA / Visual Genome terms,False,,multiple interacting relationships
2414540,val,E_complex_relational,44,326,22,auto-selected for E_complex_relational (score=326.0),2414540,gqa,GQA / Visual Genome terms,False,,multiple interacting relationships
2361923,val,E_complex_relational,45,325,16,auto-selected for E_complex_relational (score=325.0),2361923,gqa,GQA / Visual Genome terms,False,,multiple interacting relationships
2368430,val,E_complex_relational,43,322,14,auto-selected for E_complex_relational (score=322.0),2368430,gqa,GQA / Visual Genome terms,False,,multiple interacting relationships
2340235,val,E_complex_relational,32,321,21,auto-selected for E_complex_relational (score=321.0),2340235,gqa,GQA / Visual Genome terms,False,,multiple interacting relationships
2375648,val,E_complex_relational,53,319,28,auto-selected for E_complex_relational (score=319.0),2375648,gqa,GQA / Visual Genome terms,False,,multiple interacting relationships
2327414,val,E_complex_relational,36,319,4,auto-selected for E_complex_relational (score=319.0),2327414,gqa,GQA / Visual Genome terms,False,,multiple interacting relationships
2356598,val,E_complex_relational,54,318,14,auto-selected for E_complex_relational (score=318.0),2356598,gqa,GQA / Visual Genome terms,False,,multiple interacting relationships
2365360,val,E_complex_relational,47,317,27,auto-selected for E_complex_relational (score=317.0),2365360,gqa,GQA / Visual Genome terms,False,,multiple interacting relationships
2333829,val,F_hard_ambiguous,46,312,22,auto-selected for F_hard_ambiguous (score=107.4),2333829,gqa,GQA / Visual Genome terms,False,,"clutter, occlusion, small objects, plausible-but-unsupported"
2376645,val,F_hard_ambiguous,38,316,8,auto-selected for F_hard_ambiguous (score=106.2),2376645,gqa,GQA / Visual Genome terms,False,,"clutter, occlusion, small objects, plausible-but-unsupported"
2374388,val,F_hard_ambiguous,45,306,21,auto-selected for F_hard_ambiguous (score=105.3),2374388,gqa,GQA / Visual Genome terms,False,,"clutter, occlusion, small objects, plausible-but-unsupported"
2319662,val,F_hard_ambiguous,41,308,25,auto-selected for F_hard_ambiguous (score=104.7),2319662,gqa,GQA / Visual Genome terms,False,,"clutter, occlusion, small objects, plausible-but-unsupported"
2402871,val,F_hard_ambiguous,32,317,6,auto-selected for F_hard_ambiguous (score=104.7),2402871,gqa,GQA / Visual Genome terms,False,,"clutter, occlusion, small objects, plausible-but-unsupported"
2389203,val,F_hard_ambiguous,45,301,15,auto-selected for F_hard_ambiguous (score=103.8),2389203,gqa,GQA / Visual Genome terms,False,,"clutter, occlusion, small objects, plausible-but-unsupported"
2344801,val,F_hard_ambiguous,42,302,28,auto-selected for F_hard_ambiguous (score=103.2),2344801,gqa,GQA / Visual Genome terms,False,,"clutter, occlusion, small objects, plausible-but-unsupported"
2409878,val,F_hard_ambiguous,44,296,33,auto-selected for F_hard_ambiguous (score=102.0),2409878,gqa,GQA / Visual Genome terms,False,,"clutter, occlusion, small objects, plausible-but-unsupported"
2412358,val,F_hard_ambiguous,42,297,19,auto-selected for F_hard_ambiguous (score=101.7),2412358,gqa,GQA / Visual Genome terms,False,,"clutter, occlusion, small objects, plausible-but-unsupported"
2409219,val,F_hard_ambiguous,49,289,27,auto-selected for F_hard_ambiguous (score=101.4),2409219,gqa,GQA / Visual Genome terms,False,,"clutter, occlusion, small objects, plausible-but-unsupported"
2327279,val,F_hard_ambiguous,38,300,11,auto-selected for F_hard_ambiguous (score=101.4),2327279,gqa,GQA / Visual Genome terms,False,,"clutter, occlusion, small objects, plausible-but-unsupported"
2368336,val,F_hard_ambiguous,39,299,14,auto-selected for F_hard_ambiguous (score=101.4),2368336,gqa,GQA / Visual Genome terms,False,,"clutter, occlusion, small objects, plausible-but-unsupported"
2361618,val,F_hard_ambiguous,37,301,5,auto-selected for F_hard_ambiguous (score=101.4),2361618,gqa,GQA / Visual Genome terms,False,,"clutter, occlusion, small objects, plausible-but-unsupported"
2416226,val,F_hard_ambiguous,36,301,12,auto-selected for F_hard_ambiguous (score=101.1),2416226,gqa,GQA / Visual Genome terms,False,,"clutter, occlusion, small objects, plausible-but-unsupported"
713655,val,F_hard_ambiguous,30,305,4,auto-selected for F_hard_ambiguous (score=100.5),713655,gqa,GQA / Visual Genome terms,False,,"clutter, occlusion, small objects, plausible-but-unsupported"
2366195,val,F_hard_ambiguous,42,293,8,auto-selected for F_hard_ambiguous (score=100.5),2366195,gqa,GQA / Visual Genome terms,False,,"clutter, occlusion, small objects, plausible-but-unsupported"
1593066,val,F_hard_ambiguous,36,295,6,auto-selected for F_hard_ambiguous (score=99.3),1593066,gqa,GQA / Visual Genome terms,False,,"clutter, occlusion, small objects, plausible-but-unsupported"
2343509,val,F_hard_ambiguous,51,278,13,auto-selected for F_hard_ambiguous (score=98.7),2343509,gqa,GQA / Visual Genome terms,False,,"clutter, occlusion, small objects, plausible-but-unsupported"
3701,val,F_hard_ambiguous,45,282,9,auto-selected for F_hard_ambiguous (score=98.1),3701,gqa,GQA / Visual Genome terms,False,,"clutter, occlusion, small objects, plausible-but-unsupported"
2318939,val,F_hard_ambiguous,35,291,16,auto-selected for F_hard_ambiguous (score=97.8),2318939,gqa,GQA / Visual Genome terms,False,,"clutter, occlusion, small objects, plausible-but-unsupported"
